dataset,classifier,score,nr_classes,nr_instances,log_nr_instances,nr_features,log_nr_features,missing_val,nr_categorical_features,dataset_ratio,labels_mean,labels_std,skew_min,skew_std,skew_mean,skew_q1,skew_q3,skew_max,kurtosis_min,kurtosis_std,kurtosis_mean,kurtosis_q1,kurtosis_q3,kurtosis_max,rho_min,rho_max,rho_mean,rho_std,class_entropy,prob_min,prob_mean,prob_std,prob_max,norm_entropy_min,norm_entropy_mean,norm_entropy_std,norm_entropy_max,mi_min,mi_mean,mi_std,mi_max,equiv_nr_feat,noise_signal_ratio
AP_Breast_Lung,random_forest,0.9745762711864406,2,470,6.152732695,10937,9.299906815,0,1,23.27021277,2.0,0.0,0.002176528,3.3083271080000003,3.459486739,1.452865092,4.130481775,21.66594291,-0.277395839,60.80853656,31.19685932,3.8723288989999998,28.02961271,469.6056772,1.25e-09,0.999232663,0.101016212,0.088024627,0.8387034440000001,0.268085106,0.5,0.23191489399999998,0.7319148940000001,0.002473099,0.196546138,0.07995712099999999,0.33543287899999996,0.000664854,0.026003797000000002,0.027394475,0.30973414,32.25311504,6.558363147000001
AP_Omentum_Ovary,random_forest,0.8695652173913043,2,275,5.616771097999999,10937,9.299906815,0,1,39.77090909,2.0,0.0,0.010034127,2.976636253,3.1223450230000003,1.3253536129999999,3.639750752,16.58070515,-0.5446422360000001,45.3818846,24.14818982,2.980928765,20.73656697,274.94626089999997,7.77e-10,0.999971293,0.099602417,0.084504035,0.855450811,0.28,0.5,0.22,0.72,0.004282597,0.234475748,0.089452243,0.38007051799999997,0.0007888589999999999,0.020276592,0.014068839,0.162114008,42.1890825,10.5638638
AP_Prostate_Ovary,gradient_boosting,1.0,2,267,5.587248657999999,10937,9.299906815,0,1,40.96254682,2.0,0.0,0.003093248,2.839535927,3.0336062260000003,1.343321645,3.524911528,16.33742463,-0.828388307,42.82869025,22.49307162,2.888471304,19.43621433,266.9406654,2.25e-10,0.999969494,0.118118734,0.100783914,0.824363354,0.25842696600000004,0.5,0.241573034,0.7415730340000001,0.004414395,0.235722254,0.087829448,0.395419526,0.001122233,0.085347323,0.083601263,0.535278843,9.658924501,1.7619173590000001
AirlinesCodrnaAdult,random_forest,0.7908082526616096,2,1076790,13.88949495,30,3.401197382,0,11,2.7899999999999997e-05,63.90909091,108.4623559,0.24226204899999998,5.345269183,3.0484182389999996,0.640547611,2.430520197,24.12960144,-1.941312705,136.5803861,48.08973899,0.511653582,33.69400999,618.4766234,0.001513367,0.800728213,0.166721373,0.17546126,0.9895436609999999,0.43987407,0.5,0.06012593,0.56012593,9.959999999999999e-07,0.002902555,0.01233823,0.118445433,3.54e-10,0.0006814260000000001,0.004350795,0.08997652699999999,1452.1652960000001,3.259528195
Amazon,random_forest,0.8533333333333334,50,1500,7.313220387,10001,9.210440367,0,1,6.667333332999999,50.0,0.0,0.011661893999999999,4.64937937,7.26053222,2.849224435,10.6121885,33.83000575,-0.702467407,104.6967773,83.53110092,11.33169402,114.96944180000001,1232.854012,2.4499999999999998e-20,1.0,0.024752182,0.028202712999999997,5.64385619,0.02,0.02,0.0,0.02,0.005015292,0.053305702999999996,0.060773222,0.280662348,0.000343724,0.014071387,0.01163851,0.118209677,401.0874202,2.7882338030000002
CovPokElec,decision_tree,0.9601024507944884,10,1455525,14.19087722,65,4.17438727,0,0,4.47e-05,0.0,0.0,0.291429914,87.21699609,27.36637591,1.880149742,22.46520109,696.5436096,-1.8197570509999998,59654.666189999996,8354.454533,3.870927488,502.68595089999997,485171.6667,1.22e-05,0.87111739,0.078585204,0.13657488,1.590002324,1.37e-06,0.1,0.17425271,0.449698906,2.05e-06,0.03004207,0.038598526,0.127538131,8.92e-06,0.014648926000000001,0.022522367,0.153588697,108.5405425,1.050803687
GCM,adaboost,0.8125,14,190,5.247024072,16064,9.684336022,0,1,84.54736842,14.0,0.0,0.00020753599999999997,2.037484416,2.603941013,1.303543874,3.3147656010000004,13.68282828,-1.668448454,22.96905917,15.37433871,3.327668804,17.017826,188.1089567,1.1e-17,1.0,0.2230419,0.189661718,3.697010342,0.052631579000000005,0.071428571,0.030606214,0.15789473699999998,0.0062635880000000005,0.257732798,0.076665611,0.431464995,0.008121638,0.26655218199999997,0.084366484,0.624837138,13.869743300000001,-0.033086896
KDDCup99,random_forest,0.99974090117809,23,494020,13.11033128,40,3.688879454,0,4,8.1e-05,25.75,24.30406345,0.273852652,160.01935500000002,91.44853051,1.698808391,115.8453656,699.2124432999999,-1.9151390380000002,94258.91397000001,36057.709189999994,0.887878342,14961.479640000001,490583.3526,1.6e-06,0.9993041090000001,0.123065935,0.2299201,1.5576214469999998,4.05e-06,0.043478261,0.126058268,0.568377798,2.18e-06,0.009757119,0.019294197,0.10498105199999999,3.29e-06,0.087325069,0.192601768,0.94112719,17.83704801,-0.8882666929999999
MagicTelescope,gradient_boosting,0.8853838065194533,2,19020,9.853246336,11,2.397895273,0,1,0.000578339,2.0,0.0,0.120121273,0.915072104,1.0802488609999998,0.5358399970000001,1.10391891,3.371627981,-0.5337036039999999,5.350085293,4.273159612,-0.077084689,7.359107633,16.76540668,0.002552837,0.9764118509999999,0.278780596,0.26982838800000003,0.935515245,0.351629863,0.5,0.14837013699999999,0.648370137,0.075815173,0.146535022,0.051661480999999995,0.21256537600000003,0.007989639,0.041668889,0.033695927,0.119451045,22.45116821,2.516652932
aaaData_for_UCI_named,decision_tree,1.0,2,10000,9.210340372000001,14,2.63905733,0,1,0.0014,2.0,0.0,6.14e-07,0.005775115999999999,0.00241446,2.74e-06,4.8e-06,0.018663442,-1.200004417,0.223122173,-1.115477275,-1.200002539,-1.199995596,-0.38946865700000005,0.000490882,0.584554283,0.060109392000000005,0.133446104,0.944330826,0.36200000000000004,0.5,0.138,0.638,0.21649501100000001,0.24530582199999998,0.011071206,0.25,0.000413414,0.06401132400000001,0.14927686099999998,0.578319651,14.75255897,2.8322254239999998
analcatdata_authorship,libsvm_svc,1.0,4,841,6.73459166,71,4.262679877,0,1,0.08442330599999999,4.0,0.0,0.040708921,0.6758959990000001,1.115865224,0.707035159,1.325906397,4.087186737,-0.790261586,3.634263392,2.35912946,0.365953089,2.383871161,21.23171723,2e-05,0.70645842,0.14842389,0.115522347,1.787416049,0.065398335,0.25,0.125047621,0.376932224,0.119491763,0.246079082,0.042161434000000005,0.309274316,0.027051629,0.17224637899999998,0.10631916,0.5176043029999999,10.37708926,0.428645891
arrhythmia,extra_trees,0.8849557522123894,2,452,6.11368218,263,5.572154032,816,1,0.581858407,2.0,0.0,0.004172344000000001,6.502471042000001,6.106533375,0.692404555,10.52346939,21.26029163,-1.966579865,127.36822849999999,84.54159927,3.3473198139999996,109.226697,452.0,6.8900000000000005e-19,1.0,0.088952584,0.11946171900000001,0.994895566,0.45796460200000005,0.5,0.042035398,0.542035398,0.002573864,0.1330004,0.11039400099999999,0.338620332,1.58e-05,0.020856971000000002,0.018437423999999997,0.078208817,47.70086506,5.376783997
audiology,lda,0.9649122807017544,2,226,5.420534999,70,4.248495242,0,70,0.309734513,2.228571429,0.7401047909999999,0.0,0.0,0.0,0.0,0.0,0.0,0.0,0.0,0.0,0.0,0.0,0.0,0.0,0.0,0.0,0.0,0.814765885,0.252212389,0.5,0.24778761100000002,0.7477876109999999,0.005239269,0.033525942999999996,0.036741376,0.127874311,5.110000000000001e-07,0.012852506000000001,0.035040338,0.29433920399999997,63.39354126,1.608514031
avila-tr,adaboost,0.9988499137435308,12,20867,9.945924243,11,2.397895273,0,1,0.0005271480000000001,12.0,0.0,0.493231174,34.80568946,15.52928895,1.294730577,5.566229901,119.2303953,2.538962008,4763.552135,1812.574098,8.579718652999999,283.5070775,16058.99775,0.000424567,0.806489868,0.163855025,0.169969395,2.643874334,0.00047922599999999997,0.083333333,0.11062335699999999,0.41079216,0.000105481,0.054097890999999995,0.045014654,0.145689097,8.52e-05,0.057949335,0.08468442,0.291565943,45.62389422,-0.06646226
churn,adaboost,0.9656,2,5000,8.517193191,21,3.044522438,0,0,0.0042,0.0,0.0,0.0,0.78263411,0.551146526,0.011730827,1.067603626,2.771266204,-1.2,1.537159195,0.515847151,-0.021294471000000002,0.65531661,5.6821890889999995,0.00012433,0.9999999509999999,0.040215508,0.15202601300000002,0.587893575,0.1414,0.5,0.3586,0.8586,0.036755453,0.185240555,0.056501085,0.270345528,5.3400000000000004e-05,0.0099641,0.01551297,0.048867522000000004,59.00117094,17.59079625
connect-4,adaboost,0.8483126110124334,3,67557,11.12072696,43,3.7612001160000004,0,0,0.0006365,0.0,0.0,0.075931383,8.415207891,6.419837287999999,1.239245325,6.877550283,33.62631084,-1.5658641690000001,302.9954727,121.44435220000001,0.093530407,48.6009861,1251.183253,0.000363052,0.56093868,0.081704288,0.09796123400000001,1.218444356,0.09546013,0.333333333,0.237890055,0.658303359,0.000917823,0.042384762,0.033920835,0.098467136,0.00014050100000000002,0.0041029529999999995,0.005759664,0.021057671,296.9676898,9.330307497
dataset_183_adult,adaboost,0.8589796085496684,2,48842,10.79634588,15,2.7080502010000003,0,9,0.00030711299999999997,11.22222222,11.45792087,0.239406161,1.947937535,1.921218869,0.331365446,3.375072485,5.136137083,-1.019278733,9.961095412999999,8.0453603,0.510136867,13.28974403,26.43587035,0.004642532,0.16038870000000002,0.071534271,0.048434594000000004,0.7938438390000001,0.239281766,0.5,0.260718234,0.760718234,2.24e-05,0.018922025,0.028426148,0.158901283,3.89e-07,0.0074795980000000005,0.01766222,0.10594577699999999,106.1345557,1.529818369
dataset_185_yeast,sgd,0.5974842767295598,10,1484,7.302496424,9,2.197224577,0,1,0.00606469,10.0,0.0,0.220995401,3.9872993169999997,3.415986316,0.557378224,4.349681617,10.27688371,0.45905999,43.36042697,28.66087843,1.3460174219999999,32.46470238,105.73871240000001,0.00039183400000000003,0.58163142,0.089273135,0.115342557,2.490417636,0.003369272,0.1,0.111007453,0.311994609,0.0073103809999999995,0.15120899599999998,0.09040514599999999,0.24966258600000002,0.018425098,0.133521823,0.09986314199999999,0.299279609,18.65176476,0.132466532
dataset_186_satimage,gradient_boosting,0.9203980099502488,6,6430,8.768729817,37,3.610917913,0,0,0.0057542769999999995,0.0,0.0,0.022503895,0.35582296399999996,0.425605402,0.10245386,0.674011872,0.919495499,-1.245126554,0.8414802259999999,-0.18360362800000002,-0.8803577220000001,-0.19342625,1.2779853620000001,0.088954108,0.960662138,0.49112345799999996,0.319757214,2.483361876,0.09720062199999999,0.166666667,0.061903977,0.23810264399999997,0.196153357,0.223496188,0.015799779,0.240458698,0.41575781,0.590947209,0.098905889,0.7641832270000001,4.20234132,-0.621800079
dataset_187_abalone,libsvm_svc,0.2688995215311005,28,4177,8.337348564,9,2.197224577,0,1,0.002154656,3.0,0.0,0.530958563,0.824335485,0.9943532690000001,0.604861645,0.817848916,3.1288173789999996,-0.045475580999999994,24.98670155,9.945345012,0.042554854,1.029014615,76.02550923,0.420883658,0.986811585,0.8035839359999999,0.16282492699999998,3.602007148,0.00023940599999999998,0.035714286,0.049574982999999996,0.164950922,0.071196734,0.15934231699999998,0.069414621,0.228346927,0.029673519,0.19814427699999998,0.09440496400000001,0.300516116,18.17870897,-0.195826802
dataset_189_baseball,gradient_boosting,0.9402985074626866,3,1340,7.200424892999999,18,2.890371758,40,2,0.013432836,673.0,666.0,0.124416205,0.8059502909999999,1.220070188,0.623202997,1.5894545469999999,3.2728718339999996,0.252389539,2.675027524,2.602128366,0.7471979459999999,3.7595166239999998,9.416647946,0.021545612999999998,0.983576605,0.536308859,0.255349774,0.540097859,0.042537313,0.333333333,0.40545691799999994,0.906716418,0.000849872,0.0036161509999999997,0.024211885,0.257797557,4.970000000000001e-05,0.001454679,0.011974761,0.160214041,371.2831728,1.4858753969999998
dataset_194_eucalyptus,gradient_boosting,0.7228260869565217,5,736,6.601230118999999,20,2.995732274,896,6,0.027173912999999997,13.66666667,6.992058987999999,0.120725086,6.97855376,2.960948179,0.356733267,0.8828376809999999,27.127630800000002,-1.8878025969999999,190.24521769999998,63.0817796,-0.14578137900000002,1.4191723630000002,735.9388064,0.0005088769999999999,0.7192255390000001,0.132186934,0.156471818,2.26208362,0.14266304300000002,0.2,0.058379027,0.29076087,0.00156438,0.064032912,0.08288535400000001,0.339423335,0.001460416,0.038819011,0.069583885,0.49976080700000003,58.27257208,0.649524561
dataset_24_mushroom,extra_trees,1.0,2,8124,9.002577922999999,22,3.091042453,0,22,0.0027080259999999997,5.318181818,3.050877126,0.0,0.0,0.0,0.0,0.0,0.0,0.0,0.0,0.0,0.0,0.0,0.0,0.0,0.0,0.0,0.0,0.999067897,0.482028557,0.5,0.017971443,0.517971443,0.000471228,0.034276054,0.026420792999999998,0.07699267,0.00013419299999999998,0.037395567000000005,0.059047458,0.36652125799999996,26.71621223,-0.083419312
dataset_26_nursery,gradient_boosting,1.0,5,12960,9.46962297,9,2.197224577,0,9,0.0006944439999999999,3.5555555560000003,0.955813919,0.0,0.0,0.0,0.0,0.0,0.0,0.0,0.0,0.0,0.0,0.0,0.0,0.0,0.0,0.0,0.0,1.7164959,0.00015432100000000002,0.2,0.15327718,0.333333333,0.052842909,0.06267666200000001,0.0062032269999999995,0.073196914,0.000192371,0.049832747000000004,0.126340543,0.6365141679999999,34.44513898,0.257740453
dataset_28_optdigits,lda,0.988612099644128,10,5620,8.634086943,63,4.143134726,0,0,0.011209964,0.0,0.0,0.004935582,10.96261167,5.731887438999999,0.34111458,3.7290701,52.99527777,-1.646519853,478.86138,165.85902119999997,-1.3669068469999999,17.00190003,2807.498576,1.7100000000000002e-05,0.92667427,0.12002471199999999,0.131376923,3.321832725,0.09857651199999999,0.1,0.0011504080000000001,0.101779359,0.000368512,0.158603389,0.09218645,0.250539503,0.000823182,0.210779629,0.130241704,0.449784279,15.75974271,-0.247539294
dataset_31_credit-g,sgd,0.7600000000000001,2,1000,6.907755279,21,3.044522438,0,14,0.021,4.0,1.963961012,0.27256981399999997,0.585981859,1.1500699620000001,0.7760436909999999,1.591010344,1.94962768,-1.381448503,1.785466507,0.9242775259999999,-0.307346775,1.6268565330000002,4.292590308,0.011283597,0.6249841979999999,0.102485834,0.13723468,0.881290899,0.3,0.5,0.2,0.7,0.007434275,0.072341745,0.054131659000000006,0.286445302,2.82e-07,0.005279231999999999,0.009166709,0.056777817,166.9354467,12.703082
dataset_36_segment,adaboost,0.986159169550173,7,2310,7.745002803999999,19,2.9444389789999996,0,1,0.008225108,7.0,0.0,0.052559508,4.644838677,3.419332282,0.900189591,4.697899809,16.90093525,-1.21587097,90.06976381,38.51719077,0.12511423800000002,26.61307214,339.2210943,0.000145189,0.998644375,0.27800454199999997,0.325256465,2.807354922,0.14285714300000002,0.14285714300000002,2.78e-17,0.14285714300000002,0.009319777,0.17735321199999998,0.103345571,0.297066149,0.013732681000000002,0.518254001,0.37995471700000005,0.898078976,5.416947895,-0.657787086
dataset_39_ecoli,k_nearest_neighbors,0.9087301587301588,8,336,5.81711116,8,2.079441542,0,1,0.023809524,8.0,0.0,0.062866696,6.260678296,3.6529169589999997,0.21424596,3.1672686310000002,18.33030278,-1.0447542890000001,116.39564209999999,51.97603083,-0.898704018,15.20748151,336.0,0.007653676,0.8093236140000001,0.184000467,0.18577254899999998,2.188745583,0.005952381,0.125,0.135686218,0.425595238,0.003487055,0.24471795899999998,0.147799192,0.361668051,0.016158712,0.36457449399999997,0.23325511,0.7118948959999999,6.003562007,-0.328757325
dataset_40_sonar,sgd,0.9230769230769232,2,208,5.33753808,61,4.110873863999999,0,1,0.293269231,2.0,0.0,0.08533138400000001,0.721745207,1.143711249,0.6187625489999999,1.6664864019999999,3.4016974369999997,-1.210104142,4.262387208,2.276776694,-0.5498858179999999,3.59763658,20.73612072,0.000152506,0.925835869,0.22939566399999997,0.17328965699999999,0.9967295890000001,0.466346154,0.5,0.033653846,0.533653846,0.201832855,0.355484863,0.052196426,0.420766332,0.007823506,0.050112957,0.030398847000000003,0.164895575,19.88965828,6.093671662999999
dataset_42_soybean,gradient_boosting,0.95906432748538,19,683,6.52649486,36,3.583518938,0,36,0.052708637999999995,4.194444444,2.6751889280000003,0.0,0.0,0.0,0.0,0.0,0.0,0.0,0.0,0.0,0.0,0.0,0.0,0.0,0.0,0.0,0.0,3.835507985,0.011713031,0.052631579000000005,0.043056012000000005,0.134699854,0.0016883010000000001,0.063934097,0.028169034,0.10620495699999999,0.002719797,0.146166921,0.08994805300000001,0.49434043299999997,26.24060198,-0.562595305
dataset_44_spambase,extra_trees,0.9661164205039096,2,4601,8.43402895,58,4.060443011,0,0,0.012605955,0.0,0.0,0.433811391,6.979363441,11.00124551,5.797608154,13.48533015,31.06206428,-1.81259578,293.7783217,236.98066319999998,49.98049761,285.6243809,1480.64205,1.6800000000000002e-05,0.9960660509999999,0.06434385299999999,0.103727565,0.9673602370000001,0.39404477299999996,0.5,0.105955227,0.605955227,0.0027240529999999997,0.026063914,0.024135703999999997,0.11862533199999999,0.000776117,0.015822739,0.017073465,0.097344474,61.13734517,0.647244157
dataset_54_vehicle,adaboost,0.8443396226415094,4,846,6.74051936,19,2.9444389789999996,0,1,0.022458629,4.0,0.0,0.047845056,1.63572419,1.06672676,0.257969068,0.773015042,6.778393619,-0.9784712959999999,14.82238454,5.153140517,-0.731540651,0.110792057,58.37545547,0.001183035,0.996318013,0.407056535,0.34135590000000005,1.9990667659999999,0.235224586,0.25,0.008943703,0.257683215,0.117912695,0.27484553300000003,0.056677719,0.32901895600000003,0.056557537000000005,0.183050762,0.092035754,0.338465029,10.92083279,0.501471668
dataset_59_ionosphere,gradient_boosting,0.9659090909090908,2,351,5.860786223,34,3.526360525,0,1,0.096866097,2.0,0.0,0.0050831190000000005,0.609161054,0.6153622320000001,0.069349592,0.8815884420000001,2.532391693,-0.670922322,1.076668144,0.361127517,-0.168950285,0.550842829,4.438264795,0.000584066,0.8255583679999999,0.230562078,0.174312968,0.941828535,0.35897435899999997,0.5,0.141025641,0.641025641,0.058501767999999996,0.320089982,0.053736531,0.35964648299999996,0.081572571,0.130563985,0.037359962999999996,0.252933248,7.21354006,1.4515947630000001
dataset_60_waveform-5000,xgradient_boosting,0.8709333333333333,3,5000,8.517193191,41,3.713572067,0,0,0.0082,0.0,0.0,0.003448722,0.08803273,0.084137073,0.021761499,0.14278945099999998,0.272037107,-1.506184465,0.326695374,-0.228363029,-0.49161692100000004,0.015675994,0.15060826,1.13e-05,0.714205405,0.090741814,0.174135774,1.584879205,0.3306,0.333333333,0.003586394,0.3384,0.19913258600000003,0.21514687,0.009775098000000001,0.23487683,0.001057194,0.082568205,0.097900244,0.26512647899999997,19.19478818,1.605686656
dataset_61_iris,gaussian_nb,0.9824561403508772,3,150,5.010635294,5,1.609437912,0,1,0.033333333,3.0,0.0,0.10499656199999999,0.09041680099999999,0.257106108,0.23209733,0.31969638300000003,0.334052662,-1.401920801,0.688333565,-0.750739488,-1.3552958290000001,-0.341352765,0.290781062,0.10936925,0.962757097,0.589815721,0.31212398399999997,1.584962501,0.333333333,0.333333333,0.0,0.333333333,0.391894663,0.40282466100000003,0.015701575,0.42991565600000003,0.294153752,0.677852432,0.289616906,0.978708894,2.3382117190000002,-0.40573399
dataset_6_letter,libsvm_svc,0.9674,26,20000,9.903487553,17,2.833213344,0,1,0.00085,26.0,0.0,0.049198333,0.342623798,0.41727226100000003,0.220851635,0.530021399,1.159975015,-0.421178822,0.670918461,0.697737901,0.319034191,1.1381282879999999,2.075245046,0.0013361789999999998,0.851513996,0.18289592300000002,0.20796204199999999,4.699810727,0.0367,0.038461537999999997,0.0011362310000000001,0.04065,0.146435171,0.173493201,0.014198238,0.20768197800000002,0.0033457079999999998,0.143851085,0.086181533,0.278456049,32.67136101,0.206061121
dataset_9_autos,gradient_boosting,0.8461538461538461,6,205,5.323009979,26,3.258096538,114,10,0.126829268,6.0,5.796550698,0.020210711,0.732656188,0.8557161740000001,0.197292647,1.137101114,2.610862458,-0.785040284,1.880592073,1.309041841,-0.052864037999999995,2.300398686,5.305682092,0.005200705,0.971337042,0.372680381,0.279235913,2.272474019,0.014634146,0.166666667,0.102455154,0.326829268,0.005792218000000001,0.1062478,0.121640733,0.38723931,0.004996726,0.09849274400000001,0.12301197900000001,0.43723068,23.07250175,0.07873733200000001
devnagari,qda,0.9021304347826088,46,92000,11.42954386,785,6.6656837179999995,0,1,0.008532609,46.0,0.0,0.001055344,0.7439441370000001,0.962585771,0.496281645,1.196078076,5.207717655,-1.839789555,2.6977904739999996,-0.271324594,-1.5592194659999998,-0.35840880799999997,27.70170879,5.76e-08,0.970767377,0.07764422,0.116795138,5.523561956,0.02173913,0.02173913,3.47e-18,0.02173913,0.032502274,0.11622321,0.025068967999999997,0.15003966900000001,0.002603243,0.024048896,0.014542373,0.07744676,229.6804773,3.8327877060000004
electricity-normalized,gradient_boosting,0.9318502824858758,2,45312,10.72132718,9,2.197224577,0,1,0.00019862299999999999,2.0,0.0,1.26e-15,25.70889442,11.10688549,0.07360125599999999,2.771221239,78.68700693,-1.318137405,2324.0846899999997,900.3681132999999,-1.213001236,40.313576,7047.774288,4.96e-18,0.668500901,0.16866964899999998,0.176643899,0.9835093909999999,0.424545374,0.5,0.075454626,0.575454626,0.000310646,0.12688501900000002,0.071020209,0.21442808800000002,0.000140152,0.026328997000000003,0.025904974,0.063762409,37.35460923,3.81921203
eye_movements,extra_trees,0.7264081931236284,3,10936,9.299815378,28,3.33220451,0,0,0.002560351,0.0,0.0,0.0,2.525579043,2.7530268639999997,1.073774765,3.444909175,9.10745115,-1.841952999,29.59859837,20.12781491,-0.055883617000000003,20.136994100000003,98.90132053,6.3e-05,0.999294197,0.09717355,0.138691861,1.566247825,0.26243599100000004,0.333333333,0.052967342,0.389722019,0.023052262999999996,0.11151561800000001,0.066028823,0.24759469899999997,0.000113545,0.009444115999999999,0.009742221,0.032324689,165.843777,10.80794703
gina_agnostic,adaboost,0.9573241061130334,2,3468,8.151333337999999,971,6.878326467999999,0,0,0.279988466,0.0,0.0,0.001735437,3.2612879980000002,2.9383753489999997,0.522018807,4.2309084939999995,16.11757057,-2.000033659,39.33872765,18.62722669,-1.531957445,17.122519,283.85704389999995,1.06e-07,0.916683365,0.054401252000000004,0.090493951,0.999798227,0.49163783200000005,0.5,0.008362168,0.508362168,0.006837791,0.116602186,0.068776328,0.210488559,0.00018084200000000001,0.009336718,0.016653748,0.128026798,107.0824038,11.48856226
hiva_agnostic,extra_trees,0.9669187145557656,2,4229,8.349720837000001,1618,7.388946098,0,0,0.38259635799999997,0.0,0.0,0.008988855,3.3233030039999996,4.99758831,2.7991322910000003,6.558974401,22.93468996,-2.000865684,54.48307079,34.03632819,5.837941547000001,41.039553600000005,524.2479335,7.909999999999999e-07,1.0,0.050066117,0.078426988,0.219991095,0.035232916,0.5,0.464767084,0.9647670840000001,0.0016469289999999999,0.028084637000000003,0.020866938999999998,0.083013205,1.52e-09,0.0009010180000000001,0.0014839229999999998,0.009466178,244.158485,30.16990945
ipums_la_99-small,lda,0.93441881501583,9,8844,9.087494542,60,4.094344562,0,26,0.006784261,22.53846154,45.16655567,0.09793482699999999,2.303727793,2.401685777,0.7824505909999999,3.54400118,8.77724983,-1.835935593,24.10368766,14.25249269,-0.49589362200000003,20.35771692,82.17210182,0.001137551,0.9997935020000001,0.253404515,0.219119714,0.480602628,0.000113071,0.111111111,0.291692966,0.935775667,0.000125513,0.012326361000000001,0.02884594,0.238350685,7.51e-06,0.0014410360000000001,0.004038593,0.04071644,333.51180539999996,7.553817212
jm1,xgradient_boosting,0.8199853049228508,2,10885,9.295140974,22,3.091042453,50,0,0.00202113,0.0,0.0,1.552134209,11.11836893,15.18781583,9.751042714,15.66413379,46.21215121,0.409195756,737.1718397000001,560.0065725,176.1999666,504.19390130000005,2765.987968,0.062026436,1.0,0.551468308,0.261274391,0.708689212,0.19347726199999998,0.5,0.306522738,0.806522738,0.001180527,0.014340658000000001,0.023784747000000002,0.11131610900000001,0.001149094,0.005666582,0.003637175,0.016270628,125.06468059999999,1.5307423219999998
jungle_chess_2pcs_endgame_panther_lion,liblinear_svc,1.0,3,4704,8.45616849,45,3.80666249,0,6,0.009566327,43587.0,0.5,0.0,8.077821666,2.8524326330000003,0.021825914,1.165995085,39.57270892,-2.000850883,304.815295,71.85335390000002,-1.347734182,-0.181654829,1564.66454,1.54e-20,1.0,0.154023663,0.217274165,1.1596940740000001,0.03082483,0.333333333,0.218041441,0.536352041,0.000630294,0.127673011,0.092286051,0.267398264,8.26e-05,0.07663478900000001,0.087540405,0.40732558,15.13273657,0.665992858
kin8nm,sgd,0.9013671875,2,8192,9.010913347,9,2.197224577,0,1,0.0010986330000000001,2.0,0.0,0.001178715,0.01035676,0.009361668,0.004211997,0.007750664,0.03599927,-1.200009673,0.007237244,-1.190842727,-1.197151725,-1.1879934779999999,-1.1764746590000001,0.000633373,0.021221204,0.008967306,0.006524394,0.9997770990000001,0.491210938,0.5,0.008789063,0.5087890629999999,0.255454449,0.25547471,1.67e-05,0.25550167100000004,0.002090862,0.021081528999999998,0.035184674,0.11273751900000001,47.42431595,11.11841457
leukemia,passive_aggressive,1.0,2,72,4.276666119,7130,8.872066513,0,1,99.02777778,2.0,0.0,0.000250883,1.155864413,1.137834817,0.40754069600000004,1.439578522,8.481298722,-1.266192542,7.6803727010000005,3.766969533,0.332508778,3.694083571,71.95427318,2.46e-08,0.9954100359999999,0.164218336,0.131972548,0.9315627679999999,0.347222222,0.5,0.152777778,0.6527777779999999,0.017113828,0.425106615,0.07180985,0.528232578,0.005528757,0.087579658,0.04709692099999999,0.512922419,10.63674814,3.853942377
lymphoma_2classes,gaussian_nb,0.9444444444444444,2,45,3.80666249,4027,8.300776961,11896,1,89.48888889,2.0,0.0,0.000168857,0.44896885,0.46347927899999997,0.166683035,0.630753744,4.787466527,-1.650469226,2.011284982,0.838430481,-0.17373458600000002,1.20127243,28.34672181,7.69e-20,0.995694647,0.18200254300000002,0.13373167800000002,0.99964375,0.488888889,0.5,0.011111111000000002,0.5111111110000001,0.271985605,0.522962916,0.039363898,0.595804049,0.0104774,0.132188282,0.060494319000000005,0.509708234,7.562272049,2.9561972410000004
mfeat-pixel,libsvm_svc,0.996,2,2000,7.60090246,241,5.484796932999999,0,1,0.1205,2.0,0.0,0.008632171999999999,0.633767858,0.732561408,0.292158678,1.028390097,4.302409293999999,-1.918398645,1.902999048,-0.815647612,-1.76908865,-0.695745226,18.11634656,1.56e-05,0.939380604,0.172100193,0.158582761,0.46899559399999996,0.1,0.5,0.4,0.9,0.048738921,0.162685097,0.026729514,0.226692528,0.0007378689999999999,0.027908064,0.024965085,0.12086886,16.80502057,4.82932216
mnist_784,random_forest,0.9664571428571428,10,70000,11.15625052,720,6.579251212000001,0,0,0.010285714,0.0,0.0,0.002151944,61.37561346,31.04132349,0.8701973,23.8533708,264.57513109999996,-1.825429279,14448.96759,4887.914485,-1.031716316,619.3198364,70000.0,2.1300000000000001e-07,1.0,0.050561919000000004,0.09099770800000001,3.319837025,0.090185714,0.1,0.005411775,0.112528571,1.56e-05,0.05782993,0.056884052000000004,0.152860425,3.12e-05,0.066311967,0.064916057,0.263987753,50.06392027,-0.1279111
openml_phpJNxH0q,extra_trees,0.9771428571428572,2,699,6.549650742000001,10,2.3025850930000002,32,1,0.014306151999999999,2.0,0.0,0.592858533,0.796583312,1.478764049,1.099969082,1.524468091,3.5606578439999996,-0.747045905,3.96397292,1.689870455,0.00701098,0.98794707,12.65787807,0.33874018,0.906881913,0.60062076,0.130325373,0.929317937,0.344778255,0.5,0.155221745,0.655221745,0.117506112,0.23898258600000002,0.054073103,0.322121002,0.145646999,0.353732459,0.091649626,0.47429886600000004,2.627177446,-0.32439735199999997
page-blocks,gradient_boosting,0.9817384952520088,2,5473,8.607582191,11,2.397895273,0,1,0.0020098670000000003,2.0,0.0,0.834717498,18.75922333,14.87839547,2.954170025,18.02510385,67.42540616,0.6919281140000001,1404.146248,652.8296690000001,17.90515068,426.5067937,4816.887815,0.005496162,0.9570322590000001,0.28992458,0.26563193,0.476308484,0.10232048199999999,0.5,0.39767951799999995,0.897679518,0.00040787699999999996,0.068573768,0.083969233,0.211428642,0.000833638,0.025375694,0.028765236,0.09965982300000001,18.7702641,1.7023405719999998
php0FyS2T,libsvm_svc,0.69,100,1600,7.377758908,65,4.17438727,0,0,0.040625,0.0,0.0,0.0,0.717279102,1.3695374,0.619762777,2.006993106,2.3068271190000003,-1.200239835,2.500131536,3.7263775310000002,1.042001335,5.429232026,8.411753129,0.000716431,0.993847576,0.6808002590000001,0.24778928600000003,6.64385619,0.01,0.01,1.7299999999999998e-18,0.01,0.18382094300000001,0.212938899,0.014831451,0.238114267,0.109422416,0.154629806,0.016714916,0.18572844,42.96620659,0.37708831299999995
php3CTpvq,lda,0.6596174965847911,22,149332,11.91392729,5,1.609437912,0,0,3.35e-05,0.0,0.0,0.29756835800000003,0.40676018,0.666755451,0.326514819,1.103307909,1.219965155,-1.3988847919999998,1.307393346,0.893688113,0.291693307,1.78022111,2.148759314,0.004827538,0.342170304,0.119576611,0.10348577,3.9915838860000004,0.0061005009999999995,0.045454545,0.039585912,0.147262476,0.098603105,0.12020127300000001,0.02659154,0.165574509,0.044006813,0.14974647,0.08879737,0.289918506,26.65561259,-0.19730145600000001
php5OMDBD,k_nearest_neighbors,1.0,30,1000,6.907755279,23,3.135494216,0,0,0.023,0.0,0.0,0.0,0.983937965,0.9981709679999999,0.35215540799999995,1.169839371,3.987766326,-2.0040120359999998,6.361878725,2.910074878,-0.11431314699999999,2.481207879,27.66141367,2.6200000000000002e-17,0.9972234440000001,0.19172984399999998,0.175672682,4.648562076,0.006,0.033333333,0.020522075,0.08,0.100343332,0.238888115,0.061024536,0.333333333,0.039077505,0.32805099600000004,0.452981875,1.8272445940000002,14.17024223,-0.271795793
php5s7Ep8,gradient_boosting,0.8045267489711934,7,1941,7.5709585829999995,28,3.33220451,0,1,0.014425553999999998,7.0,0.0,0.056305677,8.408905043999999,3.9037805960000003,0.356835558,2.5090520219999997,39.29315841,-1.856356413,339.67089350000003,109.5860368,-1.111334472,9.607807032,1663.051848,0.004506931,1.0,0.245368636,0.225642135,2.410690442,0.028335909,0.14285714300000002,0.10638483800000001,0.34672849,0.00058323,0.17238110399999998,0.09228566099999999,0.295930452,0.000826004,0.20356068600000002,0.117425956,0.42627621,11.84261306,-0.153170944
php7KLval,random_forest,0.816,2,1000,6.907755279,21,3.044522438,0,1,0.021,2.0,0.0,0.016024559,0.403500707,0.34487840799999997,0.07315918099999999,0.371829449,1.3609461580000002,-2.003754735,0.518697367,-1.7216934609999999,-1.998621809,-1.8652060590000001,-0.14812581,0.000336156,0.565846243,0.039626417000000004,0.06014293,0.825233607,0.259,0.5,0.24100000000000002,0.741,0.076094094,0.096250564,0.007132696,0.100338699,2e-05,0.002596579,0.003726052,0.010190503,317.8157506,36.06822512
phpB0xrNj,passive_aggressive,0.9671794871794872,26,7797,8.961494323,618,6.4264884570000005,0,1,0.079261254,26.0,0.0,0.000542534,1.55005332,1.0333784190000002,0.290041979,0.900759938,10.771901699999999,-1.473749889,15.36561001,3.605662565,-0.736663905,0.36787659100000003,136.5355821,4.3600000000000004e-07,0.999278564,0.173298078,0.161175473,4.70043828,0.038219828,0.038461537999999997,5.429999999999999e-05,0.038476337,0.016218461,0.204998173,0.056416162,0.254337355,0.01083206,0.123673652,0.076497135,0.350501898,38.00678809,0.65757354
phpCsX3fx,random_forest,0.82,100,1600,7.377758908,65,4.17438727,0,0,0.040625,0.0,0.0,0.0,1.777655671,2.18857566,1.155694633,2.656790041,12.44911358,-1.200239835,24.43729265,10.36638403,1.231645501,7.970634187999999,182.3683991,0.000335932,0.873386388,0.25486869,0.18242432600000003,6.64385619,0.01,0.01,1.7299999999999998e-18,0.01,0.013110763999999999,0.174955885,0.059664648,0.25041163899999996,0.021486158999999998,0.11694309,0.042710029000000004,0.20977637,56.81272999,0.49607715399999996
phpEZ030X,lda,0.9375,2,64,4.158883083,3722,8.222016437,0,0,58.15625,0.0,0.0,0.0,2.30692894,6.2664876089999995,4.391076678,8.0,8.0,-2.06557377,24.86427893,43.96436373,17.83828489,64.0,64.0,0.000977517,1.0,0.072498465,0.147793388,0.993650712,0.453125,0.5,0.046875,0.546875,0.019352513000000002,0.038104128,0.032887448,0.166666667,8.45e-07,0.016606646,0.02132779,0.363720036,59.83452088,1.2945107809999998
phpGReJjU,k_nearest_neighbors,1.0,20,45781,10.73162444,4,1.386294361,0,0,8.740000000000001e-05,0.0,0.0,0.001229097,0.14207808,0.10534350599999999,0.006445818000000001,0.13508437199999998,0.347771559,-1.233011763,0.118715742,-1.142951537,-1.208390508,-1.134631484,-0.938653475,0.0010013819999999999,0.091884975,0.017941568999999997,0.033108846000000004,4.245430966,0.030514842,0.05,0.015768661,0.063476115,0.21380826100000003,0.21430499600000003,0.000351245,0.21455401300000002,0.000786558,0.46022492200000004,0.649527956,1.37879615,9.224687241,-0.53434726
phpGUrE90,libsvm_svc,0.9015151515151516,2,1055,6.961296046,42,3.737669618,0,0,0.039810427,0.0,0.0,0.043856995,4.5210087,3.941794657,1.5221903380000001,5.3926155389999995,26.84598324,-1.5287717930000002,125.0378562,43.61223726,3.186999742,40.52988388,812.7240264,0.00017294,0.92264945,0.16637368800000002,0.17641164,0.9223486059999999,0.33744075799999995,0.5,0.162559242,0.662559242,0.003886316,0.129108021,0.083509711,0.264626008,0.001564413,0.037636517,0.031107258,0.106969734,24.50674698,2.4303923430000003
phpHyLSNF,liblinear_svc,0.9300699300699301,20,571,6.34738921,1083,6.987490247,0,0,1.896672504,0.0,0.0,0.09713901400000001,5.529969038,12.80660661,8.342635933,16.87837433,23.89560629,-1.386209269,163.104083,212.79242059999999,83.77821719,305.9916982,571.0,1.6100000000000002e-08,1.0,0.037048593,0.082619057,4.199893218,0.019264448,0.05,0.021395253,0.10507880900000001,0.002026983,0.024383147999999997,0.01857198,0.15035426400000002,0.003303633,0.041477232,0.033194195,0.27139541100000003,101.25779870000001,-0.41213174799999996
phpN4gaxw,sgd,0.9985623921794134,6,13910,9.540363285,130,4.86753445,0,0,0.009345794000000001,0.0,0.0,0.039874337,26.17718743,12.88473559,1.598410341,5.576381117,117.9348959,-1.387712346,2807.6704170000003,1021.258484,4.228135336999999,76.74607221,13909.092980000001,2.7699999999999996e-05,0.999649353,0.48546425200000004,0.269812375,2.545695833,0.117972682,0.166666667,0.038799145,0.216319195,7.94e-05,0.090617016,0.063418606,0.199426049,0.00012155299999999999,0.140745646,0.096914821,0.441801929,18.08720842,-0.356164692
phpNevWWL,liblinear_svc,0.7257142857142858,5,2800,7.937374696,27,3.295836866,0,0,0.009642857,0.0,0.0,0.676694695,9.862817581,6.729253111,2.113901863,8.138133503999999,52.91502622,-1.3662760919999999,524.8718536,146.48114819999998,4.802363042,64.27788472,2800.0,3.15e-10,0.9962293740000001,0.065861663,0.122512983,1.527663141,0.011071428999999999,0.2,0.212776351,0.582857143,0.00040213,0.046376701,0.048428118,0.17180089,0.00046077,0.025644132000000004,0.02424637,0.082151899,59.5716463,0.808472285
phpPbCMyg,lda,0.6098039215686275,6,6118,8.718990525,52,3.951243719,0,0,0.00849951,0.0,0.0,0.117725009,10.97916119,7.577034525,1.383245945,8.718971067,53.78484492,-1.339626417,579.4531297999999,223.7768193,1.307795971,99.66832517,2944.652532,8.7e-05,1.0,0.23090158800000002,0.21602775800000001,2.3000070580000003,0.079437725,0.166666667,0.116274882,0.417456685,0.00033840300000000003,0.09617344300000001,0.07835383900000001,0.24175901100000002,0.00028565,0.024984894,0.01843798,0.063113567,92.05590513,2.849263552
phpSZJq5T,passive_aggressive,0.9555555555555556,10,360,5.886104031,1088,6.992096427000001,0,0,3.022222222,0.0,0.0,0.0,4.722315681,8.180354962000001,4.656027962,10.6700492,18.97366596,-1.224563745,102.24984959999999,95.88914849,24.28051019,127.21836529999999,360.0,5.55e-08,1.0,0.06928324400000001,0.11406082199999999,3.321928095,0.1,0.1,0.0,0.1,0.003249043,0.05619663900000001,0.044018035,0.253004637,0.0064311509999999995,0.11765105199999999,0.10058657900000001,0.518637127,28.23543047,-0.522344779
phpTJRsqa,extra_trees,0.6734693877551021,7,4898,8.496582238,12,2.48490665,0,0,0.00244998,0.0,0.0,0.155796398,1.225843691,1.20503485,0.479952131,1.313126529,5.023330683,-0.69842533,10.06933041,6.495411033,0.561583663,7.07962722,37.56459971,0.000617796,0.838966455,0.17437042600000002,0.178718121,1.861714933,0.001020825,0.14285714300000002,0.161108787,0.448754594,0.10305247199999999,0.152679929,0.042993998,0.237587849,0.013227266000000001,0.039651702000000004,0.034034783,0.13389974699999999,46.95170309,2.8505265019999997
phpVeNa5j,gradient_boosting,1.0,4,5456,8.6044712,25,3.218875825,0,0,0.004582111,0.0,0.0,0.017563948,1.048705822,1.4975877819999999,0.773531292,1.996968303,3.8301415530000003,-1.604595454,4.501100596000001,2.260700733,-0.933358777,5.309922507,14.34959186,0.00020069,0.626802998,0.164091807,0.120418746,1.7146327419999998,0.060117302000000004,0.25,0.14797623699999998,0.40414222899999996,0.10433006,0.191470873,0.04238946,0.240171303,0.098799168,0.171824062,0.064236938,0.42357603899999996,9.979002506,0.114342605
phpWfYmlu,gaussian_nb,0.9794594594594594,2,7400,8.909235278999999,21,3.044522438,0,0,0.002837838,0.0,0.0,0.019464326,0.06189867,0.223603916,0.210352273,0.25698836199999997,0.31158745600000004,-2.000161797,0.754808758,1.338824056,1.4139282309999999,1.592698309,1.714405525,7.51e-07,0.15733426,0.028984682,0.037265313,0.9999317109999999,0.495135135,0.5,0.004864865,0.504864865,0.15759874599999998,0.166539186,0.004036805,0.17234082899999997,0.06923853099999999,0.075987439,0.004201478,0.0877192,13.15917104,1.191667305
phpYLeydd,random_forest,0.6836776022681248,5,9873,9.197559038,33,3.496507561,0,1,0.0033424490000000004,5.0,0.0,0.028491786,1.80415332,1.67505825,0.488446217,2.3308180640000002,7.171537945,7.601727432000001,51.27138254,47.82230871,11.3280406,47.891191299999996,193.89795790000002,0.000173754,0.9427847840000001,0.08952981300000001,0.166490891,2.1934237359999997,0.101083764,0.2,0.082227255,0.298794693,0.011451636000000001,0.061981111,0.025835179,0.109373761,0.00554934,0.036434667999999996,0.03217233,0.111444455,60.20155646,0.701157563
phpZrCzJR,adaboost,0.996078431372549,2,5100,8.536995819,37,3.610917913,0,1,0.007254902,2.0,0.0,0.0015548620000000002,0.131931145,0.16389399,0.066497008,0.22246709899999997,0.408362785,-1.000304061,0.38459556100000003,-0.463204665,-0.763330271,-0.097348676,0.081034719,0.16789307899999997,0.946040165,0.6376841670000001,0.229272583,0.110580845,0.014705882,0.5,0.485294118,0.985294118,0.18054820600000002,0.21755904899999998,0.020842201,0.24196233,0.001692294,0.021706989,0.013045891,0.047408371,5.094250715,9.022534579
phpbL6t4U,random_forest,0.9962622196664748,6,13910,9.540363285,129,4.8598124039999995,0,0,0.009273904,0.0,0.0,0.039874337,26.26354522,12.96235953,1.595833854,5.592150706,117.9348959,-1.387712346,2817.114169,1029.098008,4.204409527,79.65382514,13909.092980000001,2.7699999999999996e-05,0.999649353,0.48596431,0.270902972,2.545695833,0.117972682,0.166666667,0.038799145,0.216319195,7.94e-05,0.090283671,0.063553179,0.199426049,0.00012155299999999999,0.140425217,0.097224566,0.441801929,18.12848069,-0.35706938200000005
phpchCuL5,libsvm_svc,1.0,8,1080,6.98471632,81,4.394449155,2792,4,0.075,43588.0,2.598076211,0.005395766,1.149840658,0.93688587,0.228190272,0.9653286959999999,4.738900323999999,-0.7374629659999999,10.8923537,4.642972384,0.251306692,2.560359067,62.54850589,4.5799999999999995e-05,1.0,0.261051264,0.19765283399999997,2.993026787,0.097222222,0.125,0.012028131000000001,0.13888888900000002,0.08552749400000001,0.225136799,0.053557002,0.301562722,0.050351427000000004,0.239848416,0.176184781,0.706211875,12.47882658,-0.061337145999999995
phpdReP6S,gradient_boosting,0.9526813880126184,2,2534,7.8375543610000005,73,4.290459441,0,0,0.028808208,0.0,0.0,0.000118853,0.898933975,0.7831191679999999,0.434628622,0.8092749090000001,7.376460912000001,-0.976533196,9.080850707,1.6223117569999999,-0.258184521,1.0597148090000001,77.65898709999999,0.00014184200000000002,0.99803732,0.347782197,0.301705264,0.339790425,0.06314127900000001,0.5,0.436858721,0.9368587209999999,0.035765594,0.234104275,0.031751912,0.284098047,0.002263983,0.017987577,0.010301632,0.041611018,18.89028283,12.01477507
phpdo58hj,sgd,0.9375,2,64,4.158883083,4703,8.455955882,0,0,73.484375,0.0,0.0,0.0,2.168495156,6.393115392,5.518346671000001,8.0,8.0,-2.06557377,24.03243102,44.97961359,29.36940687,64.0,64.0,0.001042898,1.0,0.067385316,0.143676744,0.993650712,0.453125,0.5,0.046875,0.546875,0.019352513000000002,0.035566827999999995,0.029067364,0.166666667,8.45e-07,0.016213641,0.019377962,0.282711763,61.2848606,1.1936361
phpfLuQE4,k_nearest_neighbors,0.8769230769230769,2,2600,7.863266724,501,6.216606101,0,0,0.192692308,0.0,0.0,0.0,0.037384579,0.051562829000000004,0.019138561999999998,0.076665784,0.171753502,-2.001540239,0.21284273,0.079170073,0.02568646,0.179376492,0.573477694,1.14e-06,0.990367498,0.016051703,0.020066723999999998,1.0,0.5,0.5,0.0,0.5,0.114722546,0.222664881,0.012965556000000001,0.247995083,0.000265332,0.002241866,0.003172923,0.031133422,446.05690319999997,98.32120724
phpfrJpBS,gradient_boosting,1.0,4,12958,9.469468637,9,2.197224577,0,0,0.000694552,0.0,0.0,0.000141794,0.151666359,0.053874211,0.000248488,0.000283571,0.482851435,-2.000308666,0.191396134,-1.503851602,-1.5001736490000002,-1.359903527,-1.2998686590000001,9.449999999999999e-05,0.798477088,0.032361641000000003,0.132056304,1.7145838969999998,0.025312547999999997,0.25,0.129968701,0.333384782,0.073198106,0.125002034,0.027256491,0.169960737,0.002896963,0.11177262,0.213056128,0.664505145,15.33992754,0.118360061
phphQEck0,adaboost,0.9997551620011426,2,245057,12.40924612,4,1.386294361,0,0,1.63e-05,0.0,0.0,0.037671447999999996,0.522474251,0.611098059,0.26641027300000003,0.8268896440000001,1.442317071,-0.9154711609999999,0.39687271399999996,-0.5753171770000001,-0.877533617,-0.43082192799999997,0.080279189,0.092030092,0.85525042,0.465673415,0.276966399,0.7367531279999999,0.20753947,0.5,0.29246053,0.79246053,0.164478081,0.17049163899999997,0.004782383,0.176178833,0.069621737,0.127027169,0.070477205,0.22629203399999998,5.799964963,0.342166728
phpkIxskf,adaboost,0.9098469432893922,2,45211,10.719095699999999,17,2.833213344,0,9,0.000376015,4.8888888889999995,3.871389198,0.093079014,13.01669759,8.003352991,1.958814817,5.764064706,41.84645447,-1.0598973729999999,1481.33223,589.3614729,2.840749005,64.62512476,4506.86066,0.001203057,0.454819635,0.070503236,0.106623514,0.520631221,0.116984805,0.5,0.383015195,0.883015195,0.000397596,0.037196629,0.035781835,0.20998554100000003,3.55e-08,0.00408232,0.00783511,0.046046869000000004,127.53317879999999,8.111640231
phpmPOD5A,random_forest,0.9511778347369706,2,32769,10.39723823,10,2.3025850930000002,0,0,0.000305166,0.0,0.0,0.078071137,4.756455503,5.002323634,1.447011276,6.081667883,14.04583401,-1.4826217069999998,124.2771156,84.00406182,13.46217388,78.53724567,385.48352239999997,0.000185458,0.18059589,0.031126358,0.04739030599999999,0.319011748,0.057890079000000004,0.5,0.442109921,0.9421099209999999,0.004248849,0.058789982000000005,0.051495945,0.14841526900000002,0.000142471,0.0008598360000000001,0.0008993510000000001,0.0028249140000000004,371.01444960000003,67.3734464
phpmcGu2X,sgd,0.9666666666666668,9,1080,6.98471632,857,6.753437919,0,0,0.793518519,0.0,0.0,0.0,9.968755618,23.13535465,14.61498529,32.86335345,32.86335345,-1.259416834,423.0258728999999,635.7164812999999,211.99036710000001,1080.0,1080.0,1.53e-20,1.0,0.009761806999999999,0.051219957,3.169925001,0.111111111,0.111111111,0.0,0.111111111,0.0010584289999999998,0.005089757,0.009943984,0.119725971,0.0020379070000000003,0.011368801999999999,0.02721361,0.262624442,278.8266546,-0.552304909
phpn1jVwe,adaboost,0.9867668097281832,2,11183,9.322150047000001,7,1.9459101490000001,0,0,0.00062595,0.0,0.0,0.19721483199999998,3.0223959139999996,4.71255019,2.17035092,6.76752853,8.893965954,-1.805467724,60.83755506,59.22469232,7.072798361,100.4166657,163.3464964,0.005884810999999999,0.867820715,0.225900472,0.20269133399999997,0.15931642,0.023249575,0.5,0.476750425,0.976750425,0.010215005,0.06583609,0.054809857000000003,0.15354368300000001,0.00043956599999999996,0.013692669,0.012924033,0.031296937000000004,11.63516195,3.808126905
phpoOxxNn,extra_trees,0.8375,100,1599,7.377133712999999,65,4.17438727,0,0,0.040650407,0.0,0.0,5.9999999999999995e-05,1.484095519,3.094662501,2.239841642,3.537190405,8.900152681,-1.200158309,17.84899519,15.432054999999998,6.279053983,15.07929671,119.5265582,1.4499999999999998e-05,0.8065039540000001,0.157866633,0.134210563,6.64382767,0.009380863,0.01,6.22e-05,0.010006254000000001,0.02526221,0.11867083699999999,0.042238335999999994,0.220870503,0.031357191,0.070179116,0.022466958999999998,0.139345513,94.6695839,0.690970823
phpoW7Dbi,lda,1.0,2,1212,7.100027167,101,4.615120517,0,0,0.083333333,0.0,0.0,0.019827498,0.32137144100000004,3.2041875710000003,3.204321339,3.2538927810000002,3.3782160310000005,-2.00291474,1.389278971,10.88442484,10.65774739,11.15524057,12.66635377,0.023627022,0.9999992540000001,0.976286395,0.134421431,0.999929285,0.495049505,0.5,0.004950495,0.504950495,0.090190276,0.103380464,0.005014788,0.108161905,0.002032417,0.0047007329999999995,0.0013154870000000002,0.008754455,212.7177207,20.99241181
phprAeXmK,xgradient_boosting,0.9574055759001364,2,299285,12.60915158,42,3.737669618,0,29,0.000140334,13.72413793,14.50540102,6.68e-06,8.156020635,5.463484703,0.515946114,7.685924162999999,27.14428712,-2.000013365,289.1951651,128.7746451,-1.080514093,62.73905497,1057.025461,6.74e-06,0.7540477179999999,0.137196534,0.198732939,0.335494981,0.062041198,0.5,0.43795880200000004,0.937958802,6.85e-06,0.01056972,0.019846806,0.17456257600000002,7.480000000000001e-10,0.001769115,0.0055869380000000005,0.03931843,189.6400315,4.974581496
phptd5jYj,adaboost,0.9448621553884712,10,1593,7.37337431,257,5.549076085,0,0,0.16133082199999998,0.0,0.0,0.0037403790000000003,0.552535077,0.853531832,0.463058859,1.099736335,4.646599171,-2.000995594,1.763619043,-0.9643617729999999,-1.78274828,-0.7915753879999999,19.61550943,3.28e-06,0.808770744,0.096753326,0.10616584,3.32181949,0.097300691,0.1,0.0012253119999999999,0.101694915,0.023122305,0.082256636,0.011021343999999999,0.093981099,0.020122634,0.102831286,0.05343898,0.336409044,32.30358808,-0.200081614
phpvcoG8S,bernoulli_nb,0.6346869762543939,2,539383,13.19818117,8,2.079441542,0,3,1.4800000000000002e-05,201.33333330000002,129.6362432,0.062283249000000006,0.55926078,0.544201924,0.07638461,0.868894928,1.493904527,-1.9518084130000002,1.6253822480000002,-0.331927298,-1.0932213020000001,-0.35670463399999996,2.756630583,0.000416281,0.341481075,0.06462466900000001,0.101281425,0.991394387,0.445442292,0.5,0.054557707999999996,0.5545577079999999,3.79e-06,0.0027331879999999997,0.011833556,0.154015249,4.589999999999999e-11,0.00015186100000000002,0.001297965,0.027426671,6528.29289,16.99793368
phpvtdNPU,extra_trees,0.9166666666666666,5,95,4.553876892,22278,10.01135492,0,0,234.50526319999997,0.0,0.0,2.0600000000000003e-05,0.507339918,0.670998277,0.26435792199999997,0.974532497,4.678407043,-1.556999671,2.007589462,0.57895992,-0.710975452,1.16714436,29.98680942,1.0400000000000002e-17,0.9978162079999999,0.098438791,0.078946773,2.181322431,0.052631579000000005,0.2,0.078489903,0.284210526,0.209517877,0.441901231,0.036460648,0.503802675,0.041401776,0.232255087,0.07021743,0.733547898,9.391925302999999,0.9026546870000001
phpxijhaP,libsvm_svc,0.9837837837837838,2,7400,8.909235278999999,21,3.044522438,0,0,0.002837838,0.0,0.0,0.000913402,0.017943767,0.020317581,0.003159963,0.032904592,0.051696212000000005,-2.000538128,0.414676757,-0.156102564,-0.088190774,-0.05253479900000001,0.049161690999999993,0.140794966,0.42280745799999997,0.189385892,0.07177243900000001,0.999999526,0.499594595,0.5,0.000405405,0.500405405,0.178816891,0.19486648199999998,0.005586243,0.20643906399999998,0.078217726,0.087188679,0.0046924029999999995,0.095058459,11.46937349,1.234997527
pokerhand-normalized,random_forest,0.9995899682104764,10,829201,13.62821787,11,2.397895273,0,0,1.3300000000000001e-05,0.0,0.0,0.000134604,0.644949236,0.519393757,0.007968073,0.845677226,2.003005326,-1.359491503,2.552478069,0.197889733,-1.34392904,0.464957644,7.6783295129999996,9.78e-06,0.6957507359999999,0.121325365,0.18972934800000002,1.416953339,2.41e-06,0.1,0.182330477,0.501116135,0.097324157,0.113972332,0.02097148,0.150478886,0.000360849,0.018854055,0.014956642,0.049508514,75.15377199,5.044977206
schizo,extra_trees,0.9882352941176472,2,340,5.828945618,14,2.63905733,1668,3,0.041176471,2.333333333,0.471404521,0.004044445,0.180307446,0.17666464899999998,0.04976129,0.23438331699999998,0.644235695,0.812928047,0.983682818,1.7048397709999998,1.137697893,1.7769409719999998,4.572261194,0.46904276200000006,0.7225924109999999,0.5925420770000001,0.054731375,0.998776608,0.479411765,0.5,0.020588235,0.520588235,0.081480031,0.230471957,0.086596193,0.302570703,9.9e-07,0.01897919,0.010128198,0.03040794,52.62482867,11.1434034
shuttle,adaboost,0.9999310344827588,7,58000,10.96819829,10,2.3025850930000002,0,0,0.00017241400000000002,0.0,0.0,0.368401425,10.27062836,6.960757717999999,1.112703402,5.389420414,31.68785333,0.44839321200000004,2743.351592,1635.930042,2.84352651,1987.6248870000002,7698.224845999999,5.3700000000000004e-05,0.91473127,0.221127023,0.28561020000000004,0.960301361,0.00017241400000000002,0.14285714300000002,0.267696314,0.7859655170000001,0.000498291,0.045702358,0.039702077,0.10683301199999999,0.000338397,0.132756659,0.137867581,0.37995542,7.233545713,-0.655743387
solar-flare_1,adaboost,0.7848101265822784,5,315,5.752572638999999,13,2.5649493569999997,0,0,0.041269841,0.0,0.0,0.307933019,2.11041543,2.58778815,0.67285675,3.966883905,6.513551941,-1.6247322130000001,14.58255378,10.23666746,-0.669505063,13.82390004,40.68463884,0.003660132,0.545019212,0.157248044,0.12432005900000001,2.208989114,0.066666667,0.2,0.0719172,0.27936507899999996,0.018524922,0.099201027,0.07726101099999999,0.286959404,0.011195295,0.146829607,0.20913454899999998,0.6051684070000001,15.04457559,-0.324379945
synthetic_control,libsvm_svc,0.9866666666666668,6,600,6.396929655,61,4.110873863999999,0,1,0.10166666699999999,6.0,0.0,0.0005383930000000001,0.237336606,0.167901572,0.031029447,0.151991559,0.9337733090000001,-1.2148844909999998,0.597967056,-0.557406166,-1.113855505,0.0034164290000000003,0.598319631,0.000520349,0.944773317,0.455649687,0.272938652,2.584962501,0.166666667,0.166666667,0.0,0.166666667,0.289124752,0.328247909,0.018573304,0.359582708,0.039435947,0.602407482,0.23189109600000002,0.967082421,4.2910531160000005,-0.45510652
tumors_C,lda,0.6666666666666666,2,60,4.094344562,7130,8.872066513,0,0,118.83333329999999,0.0,0.0,0.000289462,1.0810590740000001,1.356425847,0.6330173689999999,1.773930689,7.680410703,-1.639509915,6.7605984789999995,4.697973802,1.085644786,5.481004611,59.32870247,5.84e-18,0.990873531,0.19213706600000002,0.14744068800000001,0.934068055,0.35,0.5,0.15,0.65,0.02070321,0.423844247,0.068998218,0.54823884,0.005727244,0.076898025,0.032881757000000005,0.24149443199999998,12.1468406,4.511770232
umistfacescropped,extra_trees,0.9861111111111112,20,575,6.354370041,10305,9.240384492999999,0,0,17.92173913,0.0,0.0,8.01e-05,0.654387087,0.673596449,0.22007582399999998,0.913781324,3.953535823,-1.493906124,2.506871391,0.54409232,-0.634574738,0.519763155,19.99514297,1.72e-18,0.997475041,0.210000572,0.16575065,4.279204622,0.033043478,0.05,0.012381766,0.083478261,0.179496237,0.307690925,0.031343245,0.35695644200000004,0.119524239,0.397721716,0.160328213,1.099390361,10.75929337,-0.226366295
vowel,libsvm_svc,1.0,2,990,6.897704943,14,2.63905733,0,4,0.014141414,45778.0,5.629165125,0.005957425,0.118538945,0.140898221,0.045539462999999995,0.22821849800000002,0.35706042200000004,-0.762139518,0.25964376699999997,-0.391427215,-0.49278653899999997,-0.27608401,0.15243688,0.027340596,0.53481731,0.21129965,0.152454236,0.439496987,0.090909091,0.5,0.409090909,0.9090909090000001,0.035508916,0.13287533,0.117539478,0.30490059199999997,8.329999999999999e-17,0.019543024,0.036633873,0.171312913,22.48868901,5.799118203
wine-quality-red,gradient_boosting,0.6875,6,1599,7.377133712999999,12,2.48490665,0,0,0.00750469,0.0,0.0,0.071287663,1.7260624830000002,1.561004646,0.293203365,1.7438165319999999,5.680346572,-0.788997515,12.97293481,7.641122256,0.679383911,5.787431047999999,41.71578725,0.001917882,0.682978195,0.198028315,0.17916112899999997,1.709061638,0.006253909,0.166666667,0.178264831,0.42589118200000003,0.11520865599999999,0.20331089600000002,0.044206046,0.253467654,0.017456713999999998,0.060623144000000004,0.042697517000000004,0.172255385,28.19157055,2.35368447
